scheme_id,jurisdiction,year,ipcc_code,em_share,source,comment
kor_ets,"Korea, Rep.",2015,0,NA,,
kor_ets,"Korea, Rep.",2015,1,NA,,
kor_ets,"Korea, Rep.",2015,1A,NA,,
kor_ets,"Korea, Rep.",2015,1A1,NA,,
kor_ets,"Korea, Rep.",2015,1A1A,NA,,
kor_ets,"Korea, Rep.",2015,1A1A1,1,,
kor_ets,"Korea, Rep.",2015,1A1A2,NA,,
kor_ets,"Korea, Rep.",2015,1A1A3,NA,,
kor_ets,"Korea, Rep.",2015,1A1B,1,,
kor_ets,"Korea, Rep.",2015,1A1C,NA,,
kor_ets,"Korea, Rep.",2015,1A2,NA,,
kor_ets,"Korea, Rep.",2015,1A2A,1,,
kor_ets,"Korea, Rep.",2015,1A2B,1,,
kor_ets,"Korea, Rep.",2015,1A2C,1,,
kor_ets,"Korea, Rep.",2015,1A2D,1,,
kor_ets,"Korea, Rep.",2015,1A2E,1,,
kor_ets,"Korea, Rep.",2015,1A2F,1,,
kor_ets,"Korea, Rep.",2015,1A2G,1,,
kor_ets,"Korea, Rep.",2015,1A2H,1,,
kor_ets,"Korea, Rep.",2015,1A2I,1,,
kor_ets,"Korea, Rep.",2015,1A2J,1,,
kor_ets,"Korea, Rep.",2015,1A2K,NA,,
kor_ets,"Korea, Rep.",2015,1A2L,1,,
kor_ets,"Korea, Rep.",2015,1A2M,1,,
kor_ets,"Korea, Rep.",2015,1A3,NA,,
kor_ets,"Korea, Rep.",2015,1A3A,NA,,
kor_ets,"Korea, Rep.",2015,1A3A1,NA,,
kor_ets,"Korea, Rep.",2015,1A3A2,1,,
kor_ets,"Korea, Rep.",2015,1A3B,NA,,
kor_ets,"Korea, Rep.",2015,1A3C,NA,,
kor_ets,"Korea, Rep.",2015,1A3D,NA,,
kor_ets,"Korea, Rep.",2015,1A3D1,NA,,
kor_ets,"Korea, Rep.",2015,1A3D2,NA,,
kor_ets,"Korea, Rep.",2015,1A3E,NA,,
kor_ets,"Korea, Rep.",2015,1A3E1,NA,,
kor_ets,"Korea, Rep.",2015,1A4,NA,,
kor_ets,"Korea, Rep.",2015,1A4A,1,,
kor_ets,"Korea, Rep.",2015,1A4B,1,,
kor_ets,"Korea, Rep.",2015,1A4C,NA,,
kor_ets,"Korea, Rep.",2015,1A4C1,NA,,
kor_ets,"Korea, Rep.",2015,1A4C2,NA,,
kor_ets,"Korea, Rep.",2015,1A4C3,NA,,
kor_ets,"Korea, Rep.",2015,1A5,NA,,
kor_ets,"Korea, Rep.",2015,1A5A,NA,,
kor_ets,"Korea, Rep.",2015,1A5B,NA,,
kor_ets,"Korea, Rep.",2015,1A5C,NA,,
kor_ets,"Korea, Rep.",2015,1B,NA,,
kor_ets,"Korea, Rep.",2015,1B1,NA,,
kor_ets,"Korea, Rep.",2015,1B1A,NA,,
kor_ets,"Korea, Rep.",2015,1B1A1,NA,,
kor_ets,"Korea, Rep.",2015,1B1A11,NA,,
kor_ets,"Korea, Rep.",2015,1B1A12,NA,,
kor_ets,"Korea, Rep.",2015,1B1A13,NA,,
kor_ets,"Korea, Rep.",2015,1B1A14,NA,,
kor_ets,"Korea, Rep.",2015,1B1A2,NA,,
kor_ets,"Korea, Rep.",2015,1B1A21,NA,,
kor_ets,"Korea, Rep.",2015,1B1A22,NA,,
kor_ets,"Korea, Rep.",2015,1B1B,NA,,
kor_ets,"Korea, Rep.",2015,1B2,NA,,
kor_ets,"Korea, Rep.",2015,1B2A,NA,,
kor_ets,"Korea, Rep.",2015,1B2A1,NA,,
kor_ets,"Korea, Rep.",2015,1B2A2,NA,,
kor_ets,"Korea, Rep.",2015,1B2A3,NA,,
kor_ets,"Korea, Rep.",2015,1B2A31,NA,,
kor_ets,"Korea, Rep.",2015,1B2A32,NA,,
kor_ets,"Korea, Rep.",2015,1B2A33,NA,,
kor_ets,"Korea, Rep.",2015,1B2A34,NA,,
kor_ets,"Korea, Rep.",2015,1B2A35,NA,,
kor_ets,"Korea, Rep.",2015,1B2A36,NA,,
kor_ets,"Korea, Rep.",2015,1B2B,NA,,
kor_ets,"Korea, Rep.",2015,1B2B1,NA,,
kor_ets,"Korea, Rep.",2015,1B2B2,NA,,
kor_ets,"Korea, Rep.",2015,1B2B3,NA,,
kor_ets,"Korea, Rep.",2015,1B2B31,NA,,
kor_ets,"Korea, Rep.",2015,1B2B32,NA,,
kor_ets,"Korea, Rep.",2015,1B2B33,NA,,
kor_ets,"Korea, Rep.",2015,1B2B34,NA,,
kor_ets,"Korea, Rep.",2015,1B2B35,NA,,
kor_ets,"Korea, Rep.",2015,1B2B36,NA,,
kor_ets,"Korea, Rep.",2015,1B3,NA,,
kor_ets,"Korea, Rep.",2015,1C,NA,,
kor_ets,"Korea, Rep.",2015,1C1,NA,,
kor_ets,"Korea, Rep.",2015,1C1A,NA,,
kor_ets,"Korea, Rep.",2015,1C1B,NA,,
kor_ets,"Korea, Rep.",2015,1C1C,NA,,
kor_ets,"Korea, Rep.",2015,1C2,NA,,
kor_ets,"Korea, Rep.",2015,1C2A,NA,,
kor_ets,"Korea, Rep.",2015,1C2B,NA,,
kor_ets,"Korea, Rep.",2015,1C3,NA,,
kor_ets,"Korea, Rep.",2015,2,NA,,
kor_ets,"Korea, Rep.",2015,20,NA,,
kor_ets,"Korea, Rep.",2015,200,NA,,
kor_ets,"Korea, Rep.",2015,2000,NA,,
kor_ets,"Korea, Rep.",2015,20000,NA,,
kor_ets,"Korea, Rep.",2015,200000,NA,,
kor_ets,"Korea, Rep.",2015,2A,NA,,
kor_ets,"Korea, Rep.",2015,2A1,1,,
kor_ets,"Korea, Rep.",2015,2A2,1,,
kor_ets,"Korea, Rep.",2015,2A3,1,,
kor_ets,"Korea, Rep.",2015,2A4,NA,,
kor_ets,"Korea, Rep.",2015,2A4A,1,,
kor_ets,"Korea, Rep.",2015,2A4B,NA,,
kor_ets,"Korea, Rep.",2015,2A4C,NA,,
kor_ets,"Korea, Rep.",2015,2A4D,NA,,
kor_ets,"Korea, Rep.",2015,2B,NA,,
kor_ets,"Korea, Rep.",2015,2B1,1,,
kor_ets,"Korea, Rep.",2015,2B10,1,,
kor_ets,"Korea, Rep.",2015,2B2,1,,
kor_ets,"Korea, Rep.",2015,2B3,1,,
kor_ets,"Korea, Rep.",2015,2B4,1,,
kor_ets,"Korea, Rep.",2015,2B5,1,,
kor_ets,"Korea, Rep.",2015,2B6,1,,
kor_ets,"Korea, Rep.",2015,2B7,1,,
kor_ets,"Korea, Rep.",2015,2B8,NA,,
kor_ets,"Korea, Rep.",2015,2B8A,1,,
kor_ets,"Korea, Rep.",2015,2B8B,1,,
kor_ets,"Korea, Rep.",2015,2B8C,1,,
kor_ets,"Korea, Rep.",2015,2B8D,1,,
kor_ets,"Korea, Rep.",2015,2B8E,1,,
kor_ets,"Korea, Rep.",2015,2B8F,1,,
kor_ets,"Korea, Rep.",2015,2B9,NA,,
kor_ets,"Korea, Rep.",2015,2B9A,1,,
kor_ets,"Korea, Rep.",2015,2B9B,1,,
kor_ets,"Korea, Rep.",2015,2C,NA,,
kor_ets,"Korea, Rep.",2015,2C1,1,,
kor_ets,"Korea, Rep.",2015,2C2,1,,
kor_ets,"Korea, Rep.",2015,2C3,1,,
kor_ets,"Korea, Rep.",2015,2C4,1,,
kor_ets,"Korea, Rep.",2015,2C5,1,,
kor_ets,"Korea, Rep.",2015,2C6,1,,
kor_ets,"Korea, Rep.",2015,2C7,1,,
kor_ets,"Korea, Rep.",2015,2D,NA,,
kor_ets,"Korea, Rep.",2015,2D1,1,,
kor_ets,"Korea, Rep.",2015,2D2,1,,
kor_ets,"Korea, Rep.",2015,2D3,1,,
kor_ets,"Korea, Rep.",2015,2D4,1,,
kor_ets,"Korea, Rep.",2015,2E,NA,,
kor_ets,"Korea, Rep.",2015,2F,NA,,
kor_ets,"Korea, Rep.",2015,2F1,NA,,
kor_ets,"Korea, Rep.",2015,2F2,NA,,
kor_ets,"Korea, Rep.",2015,2F3,NA,,
kor_ets,"Korea, Rep.",2015,2F4,NA,,
kor_ets,"Korea, Rep.",2015,2F5,NA,,
kor_ets,"Korea, Rep.",2015,2F6,NA,,
kor_ets,"Korea, Rep.",2015,2G,NA,,
kor_ets,"Korea, Rep.",2015,2G1,NA,,
kor_ets,"Korea, Rep.",2015,2G2,NA,,
kor_ets,"Korea, Rep.",2015,2G3,NA,,
kor_ets,"Korea, Rep.",2015,2G4,NA,,
kor_ets,"Korea, Rep.",2015,2H,NA,,
kor_ets,"Korea, Rep.",2015,2H1,1,,
kor_ets,"Korea, Rep.",2015,2H2,1,,
kor_ets,"Korea, Rep.",2015,2H3,NA,,
kor_ets,"Korea, Rep.",2015,3,NA,,
kor_ets,"Korea, Rep.",2015,3A,NA,,
kor_ets,"Korea, Rep.",2015,3A1,NA,,
kor_ets,"Korea, Rep.",2015,3A2,NA,,
kor_ets,"Korea, Rep.",2015,3B,NA,,
kor_ets,"Korea, Rep.",2015,3B1,NA,,
kor_ets,"Korea, Rep.",2015,3B1A,NA,,
kor_ets,"Korea, Rep.",2015,3B1B,NA,,
kor_ets,"Korea, Rep.",2015,3B2,NA,,
kor_ets,"Korea, Rep.",2015,3B2A,NA,,
kor_ets,"Korea, Rep.",2015,3B2B,NA,,
kor_ets,"Korea, Rep.",2015,3B3,NA,,
kor_ets,"Korea, Rep.",2015,3B3A,NA,,
kor_ets,"Korea, Rep.",2015,3B3B,NA,,
kor_ets,"Korea, Rep.",2015,3B4,NA,,
kor_ets,"Korea, Rep.",2015,3B4A,NA,,
kor_ets,"Korea, Rep.",2015,3B4B,NA,,
kor_ets,"Korea, Rep.",2015,3B5,NA,,
kor_ets,"Korea, Rep.",2015,3B5A,NA,,
kor_ets,"Korea, Rep.",2015,3B5B,NA,,
kor_ets,"Korea, Rep.",2015,3B6,NA,,
kor_ets,"Korea, Rep.",2015,3B6A,NA,,
kor_ets,"Korea, Rep.",2015,3B6B,NA,,
kor_ets,"Korea, Rep.",2015,3B6B1,NA,,
kor_ets,"Korea, Rep.",2015,3B6B2,NA,,
kor_ets,"Korea, Rep.",2015,3B6B3,NA,,
kor_ets,"Korea, Rep.",2015,3B6B4,NA,,
kor_ets,"Korea, Rep.",2015,3B6B5,NA,,
kor_ets,"Korea, Rep.",2015,3C,NA,,
kor_ets,"Korea, Rep.",2015,3C1,NA,,
kor_ets,"Korea, Rep.",2015,3C2,NA,,
kor_ets,"Korea, Rep.",2015,3C3,NA,,
kor_ets,"Korea, Rep.",2015,3C4,NA,,
kor_ets,"Korea, Rep.",2015,3C5,NA,,
kor_ets,"Korea, Rep.",2015,3C6,NA,,
kor_ets,"Korea, Rep.",2015,3C7,NA,,
kor_ets,"Korea, Rep.",2015,3C8,NA,,
kor_ets,"Korea, Rep.",2015,3D,NA,,
kor_ets,"Korea, Rep.",2015,3D1,NA,,
kor_ets,"Korea, Rep.",2015,3D2,NA,,
kor_ets,"Korea, Rep.",2015,4,NA,,
kor_ets,"Korea, Rep.",2015,4A,NA,,
kor_ets,"Korea, Rep.",2015,4A1,1,,
kor_ets,"Korea, Rep.",2015,4A2,NA,,
kor_ets,"Korea, Rep.",2015,4A3,NA,,
kor_ets,"Korea, Rep.",2015,4B,NA,,
kor_ets,"Korea, Rep.",2015,4C,NA,,
kor_ets,"Korea, Rep.",2015,4C1,NA,,
kor_ets,"Korea, Rep.",2015,4C2,NA,,
kor_ets,"Korea, Rep.",2015,4D,NA,,
kor_ets,"Korea, Rep.",2015,4D1,1,,
kor_ets,"Korea, Rep.",2015,4D2,1,,
kor_ets,"Korea, Rep.",2015,4E,NA,,
kor_ets,"Korea, Rep.",2015,5,NA,,
kor_ets,"Korea, Rep.",2015,5A,NA,,
kor_ets,"Korea, Rep.",2015,5A1,NA,,
kor_ets,"Korea, Rep.",2015,5A2,NA,,
kor_ets,"Korea, Rep.",2016,0,NA,,
kor_ets,"Korea, Rep.",2016,1,NA,,
kor_ets,"Korea, Rep.",2016,1A,NA,,
kor_ets,"Korea, Rep.",2016,1A1,NA,,
kor_ets,"Korea, Rep.",2016,1A1A,NA,,
kor_ets,"Korea, Rep.",2016,1A1A1,1,,
kor_ets,"Korea, Rep.",2016,1A1A2,NA,,
kor_ets,"Korea, Rep.",2016,1A1A3,NA,,
kor_ets,"Korea, Rep.",2016,1A1B,1,,
kor_ets,"Korea, Rep.",2016,1A1C,NA,,
kor_ets,"Korea, Rep.",2016,1A2,NA,,
kor_ets,"Korea, Rep.",2016,1A2A,1,,
kor_ets,"Korea, Rep.",2016,1A2B,1,,
kor_ets,"Korea, Rep.",2016,1A2C,1,,
kor_ets,"Korea, Rep.",2016,1A2D,1,,
kor_ets,"Korea, Rep.",2016,1A2E,1,,
kor_ets,"Korea, Rep.",2016,1A2F,1,,
kor_ets,"Korea, Rep.",2016,1A2G,1,,
kor_ets,"Korea, Rep.",2016,1A2H,1,,
kor_ets,"Korea, Rep.",2016,1A2I,1,,
kor_ets,"Korea, Rep.",2016,1A2J,1,,
kor_ets,"Korea, Rep.",2016,1A2K,NA,,
kor_ets,"Korea, Rep.",2016,1A2L,1,,
kor_ets,"Korea, Rep.",2016,1A2M,1,,
kor_ets,"Korea, Rep.",2016,1A3,NA,,
kor_ets,"Korea, Rep.",2016,1A3A,NA,,
kor_ets,"Korea, Rep.",2016,1A3A1,NA,,
kor_ets,"Korea, Rep.",2016,1A3A2,1,,
kor_ets,"Korea, Rep.",2016,1A3B,NA,,
kor_ets,"Korea, Rep.",2016,1A3C,NA,,
kor_ets,"Korea, Rep.",2016,1A3D,NA,,
kor_ets,"Korea, Rep.",2016,1A3D1,NA,,
kor_ets,"Korea, Rep.",2016,1A3D2,NA,,
kor_ets,"Korea, Rep.",2016,1A3E,NA,,
kor_ets,"Korea, Rep.",2016,1A3E1,NA,,
kor_ets,"Korea, Rep.",2016,1A4,NA,,
kor_ets,"Korea, Rep.",2016,1A4A,1,,
kor_ets,"Korea, Rep.",2016,1A4B,1,,
kor_ets,"Korea, Rep.",2016,1A4C,NA,,
kor_ets,"Korea, Rep.",2016,1A4C1,NA,,
kor_ets,"Korea, Rep.",2016,1A4C2,NA,,
kor_ets,"Korea, Rep.",2016,1A4C3,NA,,
kor_ets,"Korea, Rep.",2016,1A5,NA,,
kor_ets,"Korea, Rep.",2016,1A5A,NA,,
kor_ets,"Korea, Rep.",2016,1A5B,NA,,
kor_ets,"Korea, Rep.",2016,1A5C,NA,,
kor_ets,"Korea, Rep.",2016,1B,NA,,
kor_ets,"Korea, Rep.",2016,1B1,NA,,
kor_ets,"Korea, Rep.",2016,1B1A,NA,,
kor_ets,"Korea, Rep.",2016,1B1A1,NA,,
kor_ets,"Korea, Rep.",2016,1B1A11,NA,,
kor_ets,"Korea, Rep.",2016,1B1A12,NA,,
kor_ets,"Korea, Rep.",2016,1B1A13,NA,,
kor_ets,"Korea, Rep.",2016,1B1A14,NA,,
kor_ets,"Korea, Rep.",2016,1B1A2,NA,,
kor_ets,"Korea, Rep.",2016,1B1A21,NA,,
kor_ets,"Korea, Rep.",2016,1B1A22,NA,,
kor_ets,"Korea, Rep.",2016,1B1B,NA,,
kor_ets,"Korea, Rep.",2016,1B2,NA,,
kor_ets,"Korea, Rep.",2016,1B2A,NA,,
kor_ets,"Korea, Rep.",2016,1B2A1,NA,,
kor_ets,"Korea, Rep.",2016,1B2A2,NA,,
kor_ets,"Korea, Rep.",2016,1B2A3,NA,,
kor_ets,"Korea, Rep.",2016,1B2A31,NA,,
kor_ets,"Korea, Rep.",2016,1B2A32,NA,,
kor_ets,"Korea, Rep.",2016,1B2A33,NA,,
kor_ets,"Korea, Rep.",2016,1B2A34,NA,,
kor_ets,"Korea, Rep.",2016,1B2A35,NA,,
kor_ets,"Korea, Rep.",2016,1B2A36,NA,,
kor_ets,"Korea, Rep.",2016,1B2B,NA,,
kor_ets,"Korea, Rep.",2016,1B2B1,NA,,
kor_ets,"Korea, Rep.",2016,1B2B2,NA,,
kor_ets,"Korea, Rep.",2016,1B2B3,NA,,
kor_ets,"Korea, Rep.",2016,1B2B31,NA,,
kor_ets,"Korea, Rep.",2016,1B2B32,NA,,
kor_ets,"Korea, Rep.",2016,1B2B33,NA,,
kor_ets,"Korea, Rep.",2016,1B2B34,NA,,
kor_ets,"Korea, Rep.",2016,1B2B35,NA,,
kor_ets,"Korea, Rep.",2016,1B2B36,NA,,
kor_ets,"Korea, Rep.",2016,1B3,NA,,
kor_ets,"Korea, Rep.",2016,1C,NA,,
kor_ets,"Korea, Rep.",2016,1C1,NA,,
kor_ets,"Korea, Rep.",2016,1C1A,NA,,
kor_ets,"Korea, Rep.",2016,1C1B,NA,,
kor_ets,"Korea, Rep.",2016,1C1C,NA,,
kor_ets,"Korea, Rep.",2016,1C2,NA,,
kor_ets,"Korea, Rep.",2016,1C2A,NA,,
kor_ets,"Korea, Rep.",2016,1C2B,NA,,
kor_ets,"Korea, Rep.",2016,1C3,NA,,
kor_ets,"Korea, Rep.",2016,2,NA,,
kor_ets,"Korea, Rep.",2016,20,NA,,
kor_ets,"Korea, Rep.",2016,200,NA,,
kor_ets,"Korea, Rep.",2016,2000,NA,,
kor_ets,"Korea, Rep.",2016,20000,NA,,
kor_ets,"Korea, Rep.",2016,200000,NA,,
kor_ets,"Korea, Rep.",2016,2A,NA,,
kor_ets,"Korea, Rep.",2016,2A1,1,,
kor_ets,"Korea, Rep.",2016,2A2,1,,
kor_ets,"Korea, Rep.",2016,2A3,1,,
kor_ets,"Korea, Rep.",2016,2A4,NA,,
kor_ets,"Korea, Rep.",2016,2A4A,1,,
kor_ets,"Korea, Rep.",2016,2A4B,NA,,
kor_ets,"Korea, Rep.",2016,2A4C,NA,,
kor_ets,"Korea, Rep.",2016,2A4D,NA,,
kor_ets,"Korea, Rep.",2016,2B,NA,,
kor_ets,"Korea, Rep.",2016,2B1,1,,
kor_ets,"Korea, Rep.",2016,2B10,1,,
kor_ets,"Korea, Rep.",2016,2B2,1,,
kor_ets,"Korea, Rep.",2016,2B3,1,,
kor_ets,"Korea, Rep.",2016,2B4,1,,
kor_ets,"Korea, Rep.",2016,2B5,1,,
kor_ets,"Korea, Rep.",2016,2B6,1,,
kor_ets,"Korea, Rep.",2016,2B7,1,,
kor_ets,"Korea, Rep.",2016,2B8,NA,,
kor_ets,"Korea, Rep.",2016,2B8A,1,,
kor_ets,"Korea, Rep.",2016,2B8B,1,,
kor_ets,"Korea, Rep.",2016,2B8C,1,,
kor_ets,"Korea, Rep.",2016,2B8D,1,,
kor_ets,"Korea, Rep.",2016,2B8E,1,,
kor_ets,"Korea, Rep.",2016,2B8F,1,,
kor_ets,"Korea, Rep.",2016,2B9,NA,,
kor_ets,"Korea, Rep.",2016,2B9A,1,,
kor_ets,"Korea, Rep.",2016,2B9B,1,,
kor_ets,"Korea, Rep.",2016,2C,NA,,
kor_ets,"Korea, Rep.",2016,2C1,1,,
kor_ets,"Korea, Rep.",2016,2C2,1,,
kor_ets,"Korea, Rep.",2016,2C3,1,,
kor_ets,"Korea, Rep.",2016,2C4,1,,
kor_ets,"Korea, Rep.",2016,2C5,1,,
kor_ets,"Korea, Rep.",2016,2C6,1,,
kor_ets,"Korea, Rep.",2016,2C7,1,,
kor_ets,"Korea, Rep.",2016,2D,NA,,
kor_ets,"Korea, Rep.",2016,2D1,1,,
kor_ets,"Korea, Rep.",2016,2D2,1,,
kor_ets,"Korea, Rep.",2016,2D3,1,,
kor_ets,"Korea, Rep.",2016,2D4,1,,
kor_ets,"Korea, Rep.",2016,2E,NA,,
kor_ets,"Korea, Rep.",2016,2F,NA,,
kor_ets,"Korea, Rep.",2016,2F1,NA,,
kor_ets,"Korea, Rep.",2016,2F2,NA,,
kor_ets,"Korea, Rep.",2016,2F3,NA,,
kor_ets,"Korea, Rep.",2016,2F4,NA,,
kor_ets,"Korea, Rep.",2016,2F5,NA,,
kor_ets,"Korea, Rep.",2016,2F6,NA,,
kor_ets,"Korea, Rep.",2016,2G,NA,,
kor_ets,"Korea, Rep.",2016,2G1,NA,,
kor_ets,"Korea, Rep.",2016,2G2,NA,,
kor_ets,"Korea, Rep.",2016,2G3,NA,,
kor_ets,"Korea, Rep.",2016,2G4,NA,,
kor_ets,"Korea, Rep.",2016,2H,NA,,
kor_ets,"Korea, Rep.",2016,2H1,1,,
kor_ets,"Korea, Rep.",2016,2H2,1,,
kor_ets,"Korea, Rep.",2016,2H3,NA,,
kor_ets,"Korea, Rep.",2016,3,NA,,
kor_ets,"Korea, Rep.",2016,3A,NA,,
kor_ets,"Korea, Rep.",2016,3A1,NA,,
kor_ets,"Korea, Rep.",2016,3A2,NA,,
kor_ets,"Korea, Rep.",2016,3B,NA,,
kor_ets,"Korea, Rep.",2016,3B1,NA,,
kor_ets,"Korea, Rep.",2016,3B1A,NA,,
kor_ets,"Korea, Rep.",2016,3B1B,NA,,
kor_ets,"Korea, Rep.",2016,3B2,NA,,
kor_ets,"Korea, Rep.",2016,3B2A,NA,,
kor_ets,"Korea, Rep.",2016,3B2B,NA,,
kor_ets,"Korea, Rep.",2016,3B3,NA,,
kor_ets,"Korea, Rep.",2016,3B3A,NA,,
kor_ets,"Korea, Rep.",2016,3B3B,NA,,
kor_ets,"Korea, Rep.",2016,3B4,NA,,
kor_ets,"Korea, Rep.",2016,3B4A,NA,,
kor_ets,"Korea, Rep.",2016,3B4B,NA,,
kor_ets,"Korea, Rep.",2016,3B5,NA,,
kor_ets,"Korea, Rep.",2016,3B5A,NA,,
kor_ets,"Korea, Rep.",2016,3B5B,NA,,
kor_ets,"Korea, Rep.",2016,3B6,NA,,
kor_ets,"Korea, Rep.",2016,3B6A,NA,,
kor_ets,"Korea, Rep.",2016,3B6B,NA,,
kor_ets,"Korea, Rep.",2016,3B6B1,NA,,
kor_ets,"Korea, Rep.",2016,3B6B2,NA,,
kor_ets,"Korea, Rep.",2016,3B6B3,NA,,
kor_ets,"Korea, Rep.",2016,3B6B4,NA,,
kor_ets,"Korea, Rep.",2016,3B6B5,NA,,
kor_ets,"Korea, Rep.",2016,3C,NA,,
kor_ets,"Korea, Rep.",2016,3C1,NA,,
kor_ets,"Korea, Rep.",2016,3C2,NA,,
kor_ets,"Korea, Rep.",2016,3C3,NA,,
kor_ets,"Korea, Rep.",2016,3C4,NA,,
kor_ets,"Korea, Rep.",2016,3C5,NA,,
kor_ets,"Korea, Rep.",2016,3C6,NA,,
kor_ets,"Korea, Rep.",2016,3C7,NA,,
kor_ets,"Korea, Rep.",2016,3C8,NA,,
kor_ets,"Korea, Rep.",2016,3D,NA,,
kor_ets,"Korea, Rep.",2016,3D1,NA,,
kor_ets,"Korea, Rep.",2016,3D2,NA,,
kor_ets,"Korea, Rep.",2016,4,NA,,
kor_ets,"Korea, Rep.",2016,4A,NA,,
kor_ets,"Korea, Rep.",2016,4A1,1,,
kor_ets,"Korea, Rep.",2016,4A2,NA,,
kor_ets,"Korea, Rep.",2016,4A3,NA,,
kor_ets,"Korea, Rep.",2016,4B,NA,,
kor_ets,"Korea, Rep.",2016,4C,NA,,
kor_ets,"Korea, Rep.",2016,4C1,NA,,
kor_ets,"Korea, Rep.",2016,4C2,NA,,
kor_ets,"Korea, Rep.",2016,4D,NA,,
kor_ets,"Korea, Rep.",2016,4D1,1,,
kor_ets,"Korea, Rep.",2016,4D2,1,,
kor_ets,"Korea, Rep.",2016,4E,NA,,
kor_ets,"Korea, Rep.",2016,5,NA,,
kor_ets,"Korea, Rep.",2016,5A,NA,,
kor_ets,"Korea, Rep.",2016,5A1,NA,,
kor_ets,"Korea, Rep.",2016,5A2,NA,,
kor_ets,"Korea, Rep.",2017,0,NA,,
kor_ets,"Korea, Rep.",2017,1,NA,,
kor_ets,"Korea, Rep.",2017,1A,NA,,
kor_ets,"Korea, Rep.",2017,1A1,NA,,
kor_ets,"Korea, Rep.",2017,1A1A,NA,,
kor_ets,"Korea, Rep.",2017,1A1A1,1,,
kor_ets,"Korea, Rep.",2017,1A1A2,NA,,
kor_ets,"Korea, Rep.",2017,1A1A3,NA,,
kor_ets,"Korea, Rep.",2017,1A1B,1,,
kor_ets,"Korea, Rep.",2017,1A1C,NA,,
kor_ets,"Korea, Rep.",2017,1A2,NA,,
kor_ets,"Korea, Rep.",2017,1A2A,1,,
kor_ets,"Korea, Rep.",2017,1A2B,1,,
kor_ets,"Korea, Rep.",2017,1A2C,1,,
kor_ets,"Korea, Rep.",2017,1A2D,1,,
kor_ets,"Korea, Rep.",2017,1A2E,1,,
kor_ets,"Korea, Rep.",2017,1A2F,1,,
kor_ets,"Korea, Rep.",2017,1A2G,1,,
kor_ets,"Korea, Rep.",2017,1A2H,1,,
kor_ets,"Korea, Rep.",2017,1A2I,1,,
kor_ets,"Korea, Rep.",2017,1A2J,1,,
kor_ets,"Korea, Rep.",2017,1A2K,NA,,
kor_ets,"Korea, Rep.",2017,1A2L,1,,
kor_ets,"Korea, Rep.",2017,1A2M,1,,
kor_ets,"Korea, Rep.",2017,1A3,NA,,
kor_ets,"Korea, Rep.",2017,1A3A,NA,,
kor_ets,"Korea, Rep.",2017,1A3A1,NA,,
kor_ets,"Korea, Rep.",2017,1A3A2,1,,
kor_ets,"Korea, Rep.",2017,1A3B,NA,,
kor_ets,"Korea, Rep.",2017,1A3C,NA,,
kor_ets,"Korea, Rep.",2017,1A3D,NA,,
kor_ets,"Korea, Rep.",2017,1A3D1,NA,,
kor_ets,"Korea, Rep.",2017,1A3D2,NA,,
kor_ets,"Korea, Rep.",2017,1A3E,NA,,
kor_ets,"Korea, Rep.",2017,1A3E1,NA,,
kor_ets,"Korea, Rep.",2017,1A4,NA,,
kor_ets,"Korea, Rep.",2017,1A4A,1,,
kor_ets,"Korea, Rep.",2017,1A4B,1,,
kor_ets,"Korea, Rep.",2017,1A4C,NA,,
kor_ets,"Korea, Rep.",2017,1A4C1,NA,,
kor_ets,"Korea, Rep.",2017,1A4C2,NA,,
kor_ets,"Korea, Rep.",2017,1A4C3,NA,,
kor_ets,"Korea, Rep.",2017,1A5,NA,,
kor_ets,"Korea, Rep.",2017,1A5A,NA,,
kor_ets,"Korea, Rep.",2017,1A5B,NA,,
kor_ets,"Korea, Rep.",2017,1A5C,NA,,
kor_ets,"Korea, Rep.",2017,1B,NA,,
kor_ets,"Korea, Rep.",2017,1B1,NA,,
kor_ets,"Korea, Rep.",2017,1B1A,NA,,
kor_ets,"Korea, Rep.",2017,1B1A1,NA,,
kor_ets,"Korea, Rep.",2017,1B1A11,NA,,
kor_ets,"Korea, Rep.",2017,1B1A12,NA,,
kor_ets,"Korea, Rep.",2017,1B1A13,NA,,
kor_ets,"Korea, Rep.",2017,1B1A14,NA,,
kor_ets,"Korea, Rep.",2017,1B1A2,NA,,
kor_ets,"Korea, Rep.",2017,1B1A21,NA,,
kor_ets,"Korea, Rep.",2017,1B1A22,NA,,
kor_ets,"Korea, Rep.",2017,1B1B,NA,,
kor_ets,"Korea, Rep.",2017,1B2,NA,,
kor_ets,"Korea, Rep.",2017,1B2A,NA,,
kor_ets,"Korea, Rep.",2017,1B2A1,NA,,
kor_ets,"Korea, Rep.",2017,1B2A2,NA,,
kor_ets,"Korea, Rep.",2017,1B2A3,NA,,
kor_ets,"Korea, Rep.",2017,1B2A31,NA,,
kor_ets,"Korea, Rep.",2017,1B2A32,NA,,
kor_ets,"Korea, Rep.",2017,1B2A33,NA,,
kor_ets,"Korea, Rep.",2017,1B2A34,NA,,
kor_ets,"Korea, Rep.",2017,1B2A35,NA,,
kor_ets,"Korea, Rep.",2017,1B2A36,NA,,
kor_ets,"Korea, Rep.",2017,1B2B,NA,,
kor_ets,"Korea, Rep.",2017,1B2B1,NA,,
kor_ets,"Korea, Rep.",2017,1B2B2,NA,,
kor_ets,"Korea, Rep.",2017,1B2B3,NA,,
kor_ets,"Korea, Rep.",2017,1B2B31,NA,,
kor_ets,"Korea, Rep.",2017,1B2B32,NA,,
kor_ets,"Korea, Rep.",2017,1B2B33,NA,,
kor_ets,"Korea, Rep.",2017,1B2B34,NA,,
kor_ets,"Korea, Rep.",2017,1B2B35,NA,,
kor_ets,"Korea, Rep.",2017,1B2B36,NA,,
kor_ets,"Korea, Rep.",2017,1B3,NA,,
kor_ets,"Korea, Rep.",2017,1C,NA,,
kor_ets,"Korea, Rep.",2017,1C1,NA,,
kor_ets,"Korea, Rep.",2017,1C1A,NA,,
kor_ets,"Korea, Rep.",2017,1C1B,NA,,
kor_ets,"Korea, Rep.",2017,1C1C,NA,,
kor_ets,"Korea, Rep.",2017,1C2,NA,,
kor_ets,"Korea, Rep.",2017,1C2A,NA,,
kor_ets,"Korea, Rep.",2017,1C2B,NA,,
kor_ets,"Korea, Rep.",2017,1C3,NA,,
kor_ets,"Korea, Rep.",2017,2,NA,,
kor_ets,"Korea, Rep.",2017,20,NA,,
kor_ets,"Korea, Rep.",2017,200,NA,,
kor_ets,"Korea, Rep.",2017,2000,NA,,
kor_ets,"Korea, Rep.",2017,20000,NA,,
kor_ets,"Korea, Rep.",2017,200000,NA,,
kor_ets,"Korea, Rep.",2017,2A,NA,,
kor_ets,"Korea, Rep.",2017,2A1,1,,
kor_ets,"Korea, Rep.",2017,2A2,1,,
kor_ets,"Korea, Rep.",2017,2A3,1,,
kor_ets,"Korea, Rep.",2017,2A4,NA,,
kor_ets,"Korea, Rep.",2017,2A4A,1,,
kor_ets,"Korea, Rep.",2017,2A4B,NA,,
kor_ets,"Korea, Rep.",2017,2A4C,NA,,
kor_ets,"Korea, Rep.",2017,2A4D,NA,,
kor_ets,"Korea, Rep.",2017,2B,NA,,
kor_ets,"Korea, Rep.",2017,2B1,1,,
kor_ets,"Korea, Rep.",2017,2B10,1,,
kor_ets,"Korea, Rep.",2017,2B2,1,,
kor_ets,"Korea, Rep.",2017,2B3,1,,
kor_ets,"Korea, Rep.",2017,2B4,1,,
kor_ets,"Korea, Rep.",2017,2B5,1,,
kor_ets,"Korea, Rep.",2017,2B6,1,,
kor_ets,"Korea, Rep.",2017,2B7,1,,
kor_ets,"Korea, Rep.",2017,2B8,NA,,
kor_ets,"Korea, Rep.",2017,2B8A,1,,
kor_ets,"Korea, Rep.",2017,2B8B,1,,
kor_ets,"Korea, Rep.",2017,2B8C,1,,
kor_ets,"Korea, Rep.",2017,2B8D,1,,
kor_ets,"Korea, Rep.",2017,2B8E,1,,
kor_ets,"Korea, Rep.",2017,2B8F,1,,
kor_ets,"Korea, Rep.",2017,2B9,NA,,
kor_ets,"Korea, Rep.",2017,2B9A,1,,
kor_ets,"Korea, Rep.",2017,2B9B,1,,
kor_ets,"Korea, Rep.",2017,2C,NA,,
kor_ets,"Korea, Rep.",2017,2C1,1,,
kor_ets,"Korea, Rep.",2017,2C2,1,,
kor_ets,"Korea, Rep.",2017,2C3,1,,
kor_ets,"Korea, Rep.",2017,2C4,1,,
kor_ets,"Korea, Rep.",2017,2C5,1,,
kor_ets,"Korea, Rep.",2017,2C6,1,,
kor_ets,"Korea, Rep.",2017,2C7,1,,
kor_ets,"Korea, Rep.",2017,2D,NA,,
kor_ets,"Korea, Rep.",2017,2D1,1,,
kor_ets,"Korea, Rep.",2017,2D2,1,,
kor_ets,"Korea, Rep.",2017,2D3,1,,
kor_ets,"Korea, Rep.",2017,2D4,1,,
kor_ets,"Korea, Rep.",2017,2E,NA,,
kor_ets,"Korea, Rep.",2017,2F,NA,,
kor_ets,"Korea, Rep.",2017,2F1,NA,,
kor_ets,"Korea, Rep.",2017,2F2,NA,,
kor_ets,"Korea, Rep.",2017,2F3,NA,,
kor_ets,"Korea, Rep.",2017,2F4,NA,,
kor_ets,"Korea, Rep.",2017,2F5,NA,,
kor_ets,"Korea, Rep.",2017,2F6,NA,,
kor_ets,"Korea, Rep.",2017,2G,NA,,
kor_ets,"Korea, Rep.",2017,2G1,NA,,
kor_ets,"Korea, Rep.",2017,2G2,NA,,
kor_ets,"Korea, Rep.",2017,2G3,NA,,
kor_ets,"Korea, Rep.",2017,2G4,NA,,
kor_ets,"Korea, Rep.",2017,2H,NA,,
kor_ets,"Korea, Rep.",2017,2H1,1,,
kor_ets,"Korea, Rep.",2017,2H2,1,,
kor_ets,"Korea, Rep.",2017,2H3,NA,,
kor_ets,"Korea, Rep.",2017,3,NA,,
kor_ets,"Korea, Rep.",2017,3A,NA,,
kor_ets,"Korea, Rep.",2017,3A1,NA,,
kor_ets,"Korea, Rep.",2017,3A2,NA,,
kor_ets,"Korea, Rep.",2017,3B,NA,,
kor_ets,"Korea, Rep.",2017,3B1,NA,,
kor_ets,"Korea, Rep.",2017,3B1A,NA,,
kor_ets,"Korea, Rep.",2017,3B1B,NA,,
kor_ets,"Korea, Rep.",2017,3B2,NA,,
kor_ets,"Korea, Rep.",2017,3B2A,NA,,
kor_ets,"Korea, Rep.",2017,3B2B,NA,,
kor_ets,"Korea, Rep.",2017,3B3,NA,,
kor_ets,"Korea, Rep.",2017,3B3A,NA,,
kor_ets,"Korea, Rep.",2017,3B3B,NA,,
kor_ets,"Korea, Rep.",2017,3B4,NA,,
kor_ets,"Korea, Rep.",2017,3B4A,NA,,
kor_ets,"Korea, Rep.",2017,3B4B,NA,,
kor_ets,"Korea, Rep.",2017,3B5,NA,,
kor_ets,"Korea, Rep.",2017,3B5A,NA,,
kor_ets,"Korea, Rep.",2017,3B5B,NA,,
kor_ets,"Korea, Rep.",2017,3B6,NA,,
kor_ets,"Korea, Rep.",2017,3B6A,NA,,
kor_ets,"Korea, Rep.",2017,3B6B,NA,,
kor_ets,"Korea, Rep.",2017,3B6B1,NA,,
kor_ets,"Korea, Rep.",2017,3B6B2,NA,,
kor_ets,"Korea, Rep.",2017,3B6B3,NA,,
kor_ets,"Korea, Rep.",2017,3B6B4,NA,,
kor_ets,"Korea, Rep.",2017,3B6B5,NA,,
kor_ets,"Korea, Rep.",2017,3C,NA,,
kor_ets,"Korea, Rep.",2017,3C1,NA,,
kor_ets,"Korea, Rep.",2017,3C2,NA,,
kor_ets,"Korea, Rep.",2017,3C3,NA,,
kor_ets,"Korea, Rep.",2017,3C4,NA,,
kor_ets,"Korea, Rep.",2017,3C5,NA,,
kor_ets,"Korea, Rep.",2017,3C6,NA,,
kor_ets,"Korea, Rep.",2017,3C7,NA,,
kor_ets,"Korea, Rep.",2017,3C8,NA,,
kor_ets,"Korea, Rep.",2017,3D,NA,,
kor_ets,"Korea, Rep.",2017,3D1,NA,,
kor_ets,"Korea, Rep.",2017,3D2,NA,,
kor_ets,"Korea, Rep.",2017,4,NA,,
kor_ets,"Korea, Rep.",2017,4A,NA,,
kor_ets,"Korea, Rep.",2017,4A1,1,,
kor_ets,"Korea, Rep.",2017,4A2,NA,,
kor_ets,"Korea, Rep.",2017,4A3,NA,,
kor_ets,"Korea, Rep.",2017,4B,NA,,
kor_ets,"Korea, Rep.",2017,4C,NA,,
kor_ets,"Korea, Rep.",2017,4C1,NA,,
kor_ets,"Korea, Rep.",2017,4C2,NA,,
kor_ets,"Korea, Rep.",2017,4D,NA,,
kor_ets,"Korea, Rep.",2017,4D1,1,,
kor_ets,"Korea, Rep.",2017,4D2,1,,
kor_ets,"Korea, Rep.",2017,4E,NA,,
kor_ets,"Korea, Rep.",2017,5,NA,,
kor_ets,"Korea, Rep.",2017,5A,NA,,
kor_ets,"Korea, Rep.",2017,5A1,NA,,
kor_ets,"Korea, Rep.",2017,5A2,NA,,
kor_ets,"Korea, Rep.",2018,0,NA,,
kor_ets,"Korea, Rep.",2018,1,NA,,
kor_ets,"Korea, Rep.",2018,1A,NA,,
kor_ets,"Korea, Rep.",2018,1A1,NA,,
kor_ets,"Korea, Rep.",2018,1A1A,NA,,
kor_ets,"Korea, Rep.",2018,1A1A1,1,,
kor_ets,"Korea, Rep.",2018,1A1A2,1,,
kor_ets,"Korea, Rep.",2018,1A1A3,1,,
kor_ets,"Korea, Rep.",2018,1A1B,1,,
kor_ets,"Korea, Rep.",2018,1A1C,NA,,
kor_ets,"Korea, Rep.",2018,1A2,NA,,
kor_ets,"Korea, Rep.",2018,1A2A,1,,
kor_ets,"Korea, Rep.",2018,1A2B,1,,
kor_ets,"Korea, Rep.",2018,1A2C,1,,
kor_ets,"Korea, Rep.",2018,1A2D,1,,
kor_ets,"Korea, Rep.",2018,1A2E,1,,
kor_ets,"Korea, Rep.",2018,1A2F,1,,
kor_ets,"Korea, Rep.",2018,1A2G,1,,
kor_ets,"Korea, Rep.",2018,1A2H,1,,
kor_ets,"Korea, Rep.",2018,1A2I,1,,
kor_ets,"Korea, Rep.",2018,1A2J,1,,
kor_ets,"Korea, Rep.",2018,1A2K,NA,,
kor_ets,"Korea, Rep.",2018,1A2L,1,,
kor_ets,"Korea, Rep.",2018,1A2M,1,,
kor_ets,"Korea, Rep.",2018,1A3,NA,,
kor_ets,"Korea, Rep.",2018,1A3A,NA,,
kor_ets,"Korea, Rep.",2018,1A3A1,NA,,
kor_ets,"Korea, Rep.",2018,1A3A2,1,,
kor_ets,"Korea, Rep.",2018,1A3B,NA,,
kor_ets,"Korea, Rep.",2018,1A3C,NA,,
kor_ets,"Korea, Rep.",2018,1A3D,NA,,
kor_ets,"Korea, Rep.",2018,1A3D1,NA,,
kor_ets,"Korea, Rep.",2018,1A3D2,NA,,
kor_ets,"Korea, Rep.",2018,1A3E,NA,,
kor_ets,"Korea, Rep.",2018,1A3E1,NA,,
kor_ets,"Korea, Rep.",2018,1A4,NA,,
kor_ets,"Korea, Rep.",2018,1A4A,1,,
kor_ets,"Korea, Rep.",2018,1A4B,1,,
kor_ets,"Korea, Rep.",2018,1A4C,NA,,
kor_ets,"Korea, Rep.",2018,1A4C1,NA,,
kor_ets,"Korea, Rep.",2018,1A4C2,NA,,
kor_ets,"Korea, Rep.",2018,1A4C3,NA,,
kor_ets,"Korea, Rep.",2018,1A5,NA,,
kor_ets,"Korea, Rep.",2018,1A5A,NA,,
kor_ets,"Korea, Rep.",2018,1A5B,NA,,
kor_ets,"Korea, Rep.",2018,1A5C,NA,,
kor_ets,"Korea, Rep.",2018,1B,NA,,
kor_ets,"Korea, Rep.",2018,1B1,NA,,
kor_ets,"Korea, Rep.",2018,1B1A,NA,,
kor_ets,"Korea, Rep.",2018,1B1A1,NA,,
kor_ets,"Korea, Rep.",2018,1B1A11,NA,,
kor_ets,"Korea, Rep.",2018,1B1A12,NA,,
kor_ets,"Korea, Rep.",2018,1B1A13,NA,,
kor_ets,"Korea, Rep.",2018,1B1A14,NA,,
kor_ets,"Korea, Rep.",2018,1B1A2,NA,,
kor_ets,"Korea, Rep.",2018,1B1A21,NA,,
kor_ets,"Korea, Rep.",2018,1B1A22,NA,,
kor_ets,"Korea, Rep.",2018,1B1B,NA,,
kor_ets,"Korea, Rep.",2018,1B2,NA,,
kor_ets,"Korea, Rep.",2018,1B2A,NA,,
kor_ets,"Korea, Rep.",2018,1B2A1,NA,,
kor_ets,"Korea, Rep.",2018,1B2A2,NA,,
kor_ets,"Korea, Rep.",2018,1B2A3,NA,,
kor_ets,"Korea, Rep.",2018,1B2A31,NA,,
kor_ets,"Korea, Rep.",2018,1B2A32,NA,,
kor_ets,"Korea, Rep.",2018,1B2A33,NA,,
kor_ets,"Korea, Rep.",2018,1B2A34,NA,,
kor_ets,"Korea, Rep.",2018,1B2A35,NA,,
kor_ets,"Korea, Rep.",2018,1B2A36,NA,,
kor_ets,"Korea, Rep.",2018,1B2B,NA,,
kor_ets,"Korea, Rep.",2018,1B2B1,NA,,
kor_ets,"Korea, Rep.",2018,1B2B2,NA,,
kor_ets,"Korea, Rep.",2018,1B2B3,NA,,
kor_ets,"Korea, Rep.",2018,1B2B31,NA,,
kor_ets,"Korea, Rep.",2018,1B2B32,NA,,
kor_ets,"Korea, Rep.",2018,1B2B33,NA,,
kor_ets,"Korea, Rep.",2018,1B2B34,NA,,
kor_ets,"Korea, Rep.",2018,1B2B35,NA,,
kor_ets,"Korea, Rep.",2018,1B2B36,NA,,
kor_ets,"Korea, Rep.",2018,1B3,NA,,
kor_ets,"Korea, Rep.",2018,1C,NA,,
kor_ets,"Korea, Rep.",2018,1C1,NA,,
kor_ets,"Korea, Rep.",2018,1C1A,NA,,
kor_ets,"Korea, Rep.",2018,1C1B,NA,,
kor_ets,"Korea, Rep.",2018,1C1C,NA,,
kor_ets,"Korea, Rep.",2018,1C2,NA,,
kor_ets,"Korea, Rep.",2018,1C2A,NA,,
kor_ets,"Korea, Rep.",2018,1C2B,NA,,
kor_ets,"Korea, Rep.",2018,1C3,NA,,
kor_ets,"Korea, Rep.",2018,2,NA,,
kor_ets,"Korea, Rep.",2018,20,NA,,
kor_ets,"Korea, Rep.",2018,200,NA,,
kor_ets,"Korea, Rep.",2018,2000,NA,,
kor_ets,"Korea, Rep.",2018,20000,NA,,
kor_ets,"Korea, Rep.",2018,200000,NA,,
kor_ets,"Korea, Rep.",2018,2A,NA,,
kor_ets,"Korea, Rep.",2018,2A1,1,,
kor_ets,"Korea, Rep.",2018,2A2,1,,
kor_ets,"Korea, Rep.",2018,2A3,1,,
kor_ets,"Korea, Rep.",2018,2A4,NA,,
kor_ets,"Korea, Rep.",2018,2A4A,1,,
kor_ets,"Korea, Rep.",2018,2A4B,NA,,
kor_ets,"Korea, Rep.",2018,2A4C,NA,,
kor_ets,"Korea, Rep.",2018,2A4D,NA,,
kor_ets,"Korea, Rep.",2018,2B,NA,,
kor_ets,"Korea, Rep.",2018,2B1,1,,
kor_ets,"Korea, Rep.",2018,2B10,1,,
kor_ets,"Korea, Rep.",2018,2B2,1,,
kor_ets,"Korea, Rep.",2018,2B3,1,,
kor_ets,"Korea, Rep.",2018,2B4,1,,
kor_ets,"Korea, Rep.",2018,2B5,1,,
kor_ets,"Korea, Rep.",2018,2B6,1,,
kor_ets,"Korea, Rep.",2018,2B7,1,,
kor_ets,"Korea, Rep.",2018,2B8,NA,,
kor_ets,"Korea, Rep.",2018,2B8A,1,,
kor_ets,"Korea, Rep.",2018,2B8B,1,,
kor_ets,"Korea, Rep.",2018,2B8C,1,,
kor_ets,"Korea, Rep.",2018,2B8D,1,,
kor_ets,"Korea, Rep.",2018,2B8E,1,,
kor_ets,"Korea, Rep.",2018,2B8F,1,,
kor_ets,"Korea, Rep.",2018,2B9,NA,,
kor_ets,"Korea, Rep.",2018,2B9A,1,,
kor_ets,"Korea, Rep.",2018,2B9B,1,,
kor_ets,"Korea, Rep.",2018,2C,NA,,
kor_ets,"Korea, Rep.",2018,2C1,1,,
kor_ets,"Korea, Rep.",2018,2C2,1,,
kor_ets,"Korea, Rep.",2018,2C3,1,,
kor_ets,"Korea, Rep.",2018,2C4,1,,
kor_ets,"Korea, Rep.",2018,2C5,1,,
kor_ets,"Korea, Rep.",2018,2C6,1,,
kor_ets,"Korea, Rep.",2018,2C7,1,,
kor_ets,"Korea, Rep.",2018,2D,NA,,
kor_ets,"Korea, Rep.",2018,2D1,1,,
kor_ets,"Korea, Rep.",2018,2D2,1,,
kor_ets,"Korea, Rep.",2018,2D3,1,,
kor_ets,"Korea, Rep.",2018,2D4,1,,
kor_ets,"Korea, Rep.",2018,2E,NA,,
kor_ets,"Korea, Rep.",2018,2F,NA,,
kor_ets,"Korea, Rep.",2018,2F1,NA,,
kor_ets,"Korea, Rep.",2018,2F2,NA,,
kor_ets,"Korea, Rep.",2018,2F3,NA,,
kor_ets,"Korea, Rep.",2018,2F4,NA,,
kor_ets,"Korea, Rep.",2018,2F5,NA,,
kor_ets,"Korea, Rep.",2018,2F6,NA,,
kor_ets,"Korea, Rep.",2018,2G,NA,,
kor_ets,"Korea, Rep.",2018,2G1,NA,,
kor_ets,"Korea, Rep.",2018,2G2,NA,,
kor_ets,"Korea, Rep.",2018,2G3,NA,,
kor_ets,"Korea, Rep.",2018,2G4,NA,,
kor_ets,"Korea, Rep.",2018,2H,NA,,
kor_ets,"Korea, Rep.",2018,2H1,1,,
kor_ets,"Korea, Rep.",2018,2H2,1,,
kor_ets,"Korea, Rep.",2018,2H3,NA,,
kor_ets,"Korea, Rep.",2018,3,NA,,
kor_ets,"Korea, Rep.",2018,3A,NA,,
kor_ets,"Korea, Rep.",2018,3A1,NA,,
kor_ets,"Korea, Rep.",2018,3A2,NA,,
kor_ets,"Korea, Rep.",2018,3B,NA,,
kor_ets,"Korea, Rep.",2018,3B1,NA,,
kor_ets,"Korea, Rep.",2018,3B1A,NA,,
kor_ets,"Korea, Rep.",2018,3B1B,NA,,
kor_ets,"Korea, Rep.",2018,3B2,NA,,
kor_ets,"Korea, Rep.",2018,3B2A,NA,,
kor_ets,"Korea, Rep.",2018,3B2B,NA,,
kor_ets,"Korea, Rep.",2018,3B3,NA,,
kor_ets,"Korea, Rep.",2018,3B3A,NA,,
kor_ets,"Korea, Rep.",2018,3B3B,NA,,
kor_ets,"Korea, Rep.",2018,3B4,NA,,
kor_ets,"Korea, Rep.",2018,3B4A,NA,,
kor_ets,"Korea, Rep.",2018,3B4B,NA,,
kor_ets,"Korea, Rep.",2018,3B5,NA,,
kor_ets,"Korea, Rep.",2018,3B5A,NA,,
kor_ets,"Korea, Rep.",2018,3B5B,NA,,
kor_ets,"Korea, Rep.",2018,3B6,NA,,
kor_ets,"Korea, Rep.",2018,3B6A,NA,,
kor_ets,"Korea, Rep.",2018,3B6B,NA,,
kor_ets,"Korea, Rep.",2018,3B6B1,NA,,
kor_ets,"Korea, Rep.",2018,3B6B2,NA,,
kor_ets,"Korea, Rep.",2018,3B6B3,NA,,
kor_ets,"Korea, Rep.",2018,3B6B4,NA,,
kor_ets,"Korea, Rep.",2018,3B6B5,NA,,
kor_ets,"Korea, Rep.",2018,3C,NA,,
kor_ets,"Korea, Rep.",2018,3C1,NA,,
kor_ets,"Korea, Rep.",2018,3C2,NA,,
kor_ets,"Korea, Rep.",2018,3C3,NA,,
kor_ets,"Korea, Rep.",2018,3C4,NA,,
kor_ets,"Korea, Rep.",2018,3C5,NA,,
kor_ets,"Korea, Rep.",2018,3C6,NA,,
kor_ets,"Korea, Rep.",2018,3C7,NA,,
kor_ets,"Korea, Rep.",2018,3C8,NA,,
kor_ets,"Korea, Rep.",2018,3D,NA,,
kor_ets,"Korea, Rep.",2018,3D1,NA,,
kor_ets,"Korea, Rep.",2018,3D2,NA,,
kor_ets,"Korea, Rep.",2018,4,NA,,
kor_ets,"Korea, Rep.",2018,4A,NA,,
kor_ets,"Korea, Rep.",2018,4A1,1,,
kor_ets,"Korea, Rep.",2018,4A2,NA,,
kor_ets,"Korea, Rep.",2018,4A3,NA,,
kor_ets,"Korea, Rep.",2018,4B,NA,,
kor_ets,"Korea, Rep.",2018,4C,NA,,
kor_ets,"Korea, Rep.",2018,4C1,NA,,
kor_ets,"Korea, Rep.",2018,4C2,NA,,
kor_ets,"Korea, Rep.",2018,4D,NA,,
kor_ets,"Korea, Rep.",2018,4D1,1,,
kor_ets,"Korea, Rep.",2018,4D2,1,,
kor_ets,"Korea, Rep.",2018,4E,NA,,
kor_ets,"Korea, Rep.",2018,5,NA,,
kor_ets,"Korea, Rep.",2018,5A,NA,,
kor_ets,"Korea, Rep.",2018,5A1,NA,,
kor_ets,"Korea, Rep.",2018,5A2,NA,,
kor_ets,"Korea, Rep.",2019,0,NA,,
kor_ets,"Korea, Rep.",2019,1,NA,,
kor_ets,"Korea, Rep.",2019,1A,NA,,
kor_ets,"Korea, Rep.",2019,1A1,NA,,
kor_ets,"Korea, Rep.",2019,1A1A,NA,,
kor_ets,"Korea, Rep.",2019,1A1A1,1,,
kor_ets,"Korea, Rep.",2019,1A1A2,1,,
kor_ets,"Korea, Rep.",2019,1A1A3,1,,
kor_ets,"Korea, Rep.",2019,1A1B,1,,
kor_ets,"Korea, Rep.",2019,1A1C,NA,,
kor_ets,"Korea, Rep.",2019,1A2,NA,,
kor_ets,"Korea, Rep.",2019,1A2A,1,,
kor_ets,"Korea, Rep.",2019,1A2B,1,,
kor_ets,"Korea, Rep.",2019,1A2C,1,,
kor_ets,"Korea, Rep.",2019,1A2D,1,,
kor_ets,"Korea, Rep.",2019,1A2E,1,,
kor_ets,"Korea, Rep.",2019,1A2F,1,,
kor_ets,"Korea, Rep.",2019,1A2G,1,,
kor_ets,"Korea, Rep.",2019,1A2H,1,,
kor_ets,"Korea, Rep.",2019,1A2I,1,,
kor_ets,"Korea, Rep.",2019,1A2J,1,,
kor_ets,"Korea, Rep.",2019,1A2K,NA,,
kor_ets,"Korea, Rep.",2019,1A2L,1,,
kor_ets,"Korea, Rep.",2019,1A2M,1,,
kor_ets,"Korea, Rep.",2019,1A3,NA,,
kor_ets,"Korea, Rep.",2019,1A3A,NA,,
kor_ets,"Korea, Rep.",2019,1A3A1,NA,,
kor_ets,"Korea, Rep.",2019,1A3A2,1,,
kor_ets,"Korea, Rep.",2019,1A3B,NA,,
kor_ets,"Korea, Rep.",2019,1A3C,NA,,
kor_ets,"Korea, Rep.",2019,1A3D,NA,,
kor_ets,"Korea, Rep.",2019,1A3D1,NA,,
kor_ets,"Korea, Rep.",2019,1A3D2,NA,,
kor_ets,"Korea, Rep.",2019,1A3E,NA,,
kor_ets,"Korea, Rep.",2019,1A3E1,NA,,
kor_ets,"Korea, Rep.",2019,1A4,NA,,
kor_ets,"Korea, Rep.",2019,1A4A,1,,
kor_ets,"Korea, Rep.",2019,1A4B,1,,
kor_ets,"Korea, Rep.",2019,1A4C,NA,,
kor_ets,"Korea, Rep.",2019,1A4C1,NA,,
kor_ets,"Korea, Rep.",2019,1A4C2,NA,,
kor_ets,"Korea, Rep.",2019,1A4C3,NA,,
kor_ets,"Korea, Rep.",2019,1A5,NA,,
kor_ets,"Korea, Rep.",2019,1A5A,NA,,
kor_ets,"Korea, Rep.",2019,1A5B,NA,,
kor_ets,"Korea, Rep.",2019,1A5C,NA,,
kor_ets,"Korea, Rep.",2019,1B,NA,,
kor_ets,"Korea, Rep.",2019,1B1,NA,,
kor_ets,"Korea, Rep.",2019,1B1A,NA,,
kor_ets,"Korea, Rep.",2019,1B1A1,NA,,
kor_ets,"Korea, Rep.",2019,1B1A11,NA,,
kor_ets,"Korea, Rep.",2019,1B1A12,NA,,
kor_ets,"Korea, Rep.",2019,1B1A13,NA,,
kor_ets,"Korea, Rep.",2019,1B1A14,NA,,
kor_ets,"Korea, Rep.",2019,1B1A2,NA,,
kor_ets,"Korea, Rep.",2019,1B1A21,NA,,
kor_ets,"Korea, Rep.",2019,1B1A22,NA,,
kor_ets,"Korea, Rep.",2019,1B1B,NA,,
kor_ets,"Korea, Rep.",2019,1B2,NA,,
kor_ets,"Korea, Rep.",2019,1B2A,NA,,
kor_ets,"Korea, Rep.",2019,1B2A1,NA,,
kor_ets,"Korea, Rep.",2019,1B2A2,NA,,
kor_ets,"Korea, Rep.",2019,1B2A3,NA,,
kor_ets,"Korea, Rep.",2019,1B2A31,NA,,
kor_ets,"Korea, Rep.",2019,1B2A32,NA,,
kor_ets,"Korea, Rep.",2019,1B2A33,NA,,
kor_ets,"Korea, Rep.",2019,1B2A34,NA,,
kor_ets,"Korea, Rep.",2019,1B2A35,NA,,
kor_ets,"Korea, Rep.",2019,1B2A36,NA,,
kor_ets,"Korea, Rep.",2019,1B2B,NA,,
kor_ets,"Korea, Rep.",2019,1B2B1,NA,,
kor_ets,"Korea, Rep.",2019,1B2B2,NA,,
kor_ets,"Korea, Rep.",2019,1B2B3,NA,,
kor_ets,"Korea, Rep.",2019,1B2B31,NA,,
kor_ets,"Korea, Rep.",2019,1B2B32,NA,,
kor_ets,"Korea, Rep.",2019,1B2B33,NA,,
kor_ets,"Korea, Rep.",2019,1B2B34,NA,,
kor_ets,"Korea, Rep.",2019,1B2B35,NA,,
kor_ets,"Korea, Rep.",2019,1B2B36,NA,,
kor_ets,"Korea, Rep.",2019,1B3,NA,,
kor_ets,"Korea, Rep.",2019,1C,NA,,
kor_ets,"Korea, Rep.",2019,1C1,NA,,
kor_ets,"Korea, Rep.",2019,1C1A,NA,,
kor_ets,"Korea, Rep.",2019,1C1B,NA,,
kor_ets,"Korea, Rep.",2019,1C1C,NA,,
kor_ets,"Korea, Rep.",2019,1C2,NA,,
kor_ets,"Korea, Rep.",2019,1C2A,NA,,
kor_ets,"Korea, Rep.",2019,1C2B,NA,,
kor_ets,"Korea, Rep.",2019,1C3,NA,,
kor_ets,"Korea, Rep.",2019,2,NA,,
kor_ets,"Korea, Rep.",2019,20,NA,,
kor_ets,"Korea, Rep.",2019,200,NA,,
kor_ets,"Korea, Rep.",2019,2000,NA,,
kor_ets,"Korea, Rep.",2019,20000,NA,,
kor_ets,"Korea, Rep.",2019,200000,NA,,
kor_ets,"Korea, Rep.",2019,2A,NA,,
kor_ets,"Korea, Rep.",2019,2A1,1,,
kor_ets,"Korea, Rep.",2019,2A2,1,,
kor_ets,"Korea, Rep.",2019,2A3,1,,
kor_ets,"Korea, Rep.",2019,2A4,NA,,
kor_ets,"Korea, Rep.",2019,2A4A,1,,
kor_ets,"Korea, Rep.",2019,2A4B,NA,,
kor_ets,"Korea, Rep.",2019,2A4C,NA,,
kor_ets,"Korea, Rep.",2019,2A4D,NA,,
kor_ets,"Korea, Rep.",2019,2B,NA,,
kor_ets,"Korea, Rep.",2019,2B1,1,,
kor_ets,"Korea, Rep.",2019,2B10,1,,
kor_ets,"Korea, Rep.",2019,2B2,1,,
kor_ets,"Korea, Rep.",2019,2B3,1,,
kor_ets,"Korea, Rep.",2019,2B4,1,,
kor_ets,"Korea, Rep.",2019,2B5,1,,
kor_ets,"Korea, Rep.",2019,2B6,1,,
kor_ets,"Korea, Rep.",2019,2B7,1,,
kor_ets,"Korea, Rep.",2019,2B8,NA,,
kor_ets,"Korea, Rep.",2019,2B8A,1,,
kor_ets,"Korea, Rep.",2019,2B8B,1,,
kor_ets,"Korea, Rep.",2019,2B8C,1,,
kor_ets,"Korea, Rep.",2019,2B8D,1,,
kor_ets,"Korea, Rep.",2019,2B8E,1,,
kor_ets,"Korea, Rep.",2019,2B8F,1,,
kor_ets,"Korea, Rep.",2019,2B9,NA,,
kor_ets,"Korea, Rep.",2019,2B9A,1,,
kor_ets,"Korea, Rep.",2019,2B9B,1,,
kor_ets,"Korea, Rep.",2019,2C,NA,,
kor_ets,"Korea, Rep.",2019,2C1,1,,
kor_ets,"Korea, Rep.",2019,2C2,1,,
kor_ets,"Korea, Rep.",2019,2C3,1,,
kor_ets,"Korea, Rep.",2019,2C4,1,,
kor_ets,"Korea, Rep.",2019,2C5,1,,
kor_ets,"Korea, Rep.",2019,2C6,1,,
kor_ets,"Korea, Rep.",2019,2C7,1,,
kor_ets,"Korea, Rep.",2019,2D,NA,,
kor_ets,"Korea, Rep.",2019,2D1,1,,
kor_ets,"Korea, Rep.",2019,2D2,1,,
kor_ets,"Korea, Rep.",2019,2D3,1,,
kor_ets,"Korea, Rep.",2019,2D4,1,,
kor_ets,"Korea, Rep.",2019,2E,NA,,
kor_ets,"Korea, Rep.",2019,2F,NA,,
kor_ets,"Korea, Rep.",2019,2F1,NA,,
kor_ets,"Korea, Rep.",2019,2F2,NA,,
kor_ets,"Korea, Rep.",2019,2F3,NA,,
kor_ets,"Korea, Rep.",2019,2F4,NA,,
kor_ets,"Korea, Rep.",2019,2F5,NA,,
kor_ets,"Korea, Rep.",2019,2F6,NA,,
kor_ets,"Korea, Rep.",2019,2G,NA,,
kor_ets,"Korea, Rep.",2019,2G1,NA,,
kor_ets,"Korea, Rep.",2019,2G2,NA,,
kor_ets,"Korea, Rep.",2019,2G3,NA,,
kor_ets,"Korea, Rep.",2019,2G4,NA,,
kor_ets,"Korea, Rep.",2019,2H,NA,,
kor_ets,"Korea, Rep.",2019,2H1,1,,
kor_ets,"Korea, Rep.",2019,2H2,1,,
kor_ets,"Korea, Rep.",2019,2H3,NA,,
kor_ets,"Korea, Rep.",2019,3,NA,,
kor_ets,"Korea, Rep.",2019,3A,NA,,
kor_ets,"Korea, Rep.",2019,3A1,NA,,
kor_ets,"Korea, Rep.",2019,3A2,NA,,
kor_ets,"Korea, Rep.",2019,3B,NA,,
kor_ets,"Korea, Rep.",2019,3B1,NA,,
kor_ets,"Korea, Rep.",2019,3B1A,NA,,
kor_ets,"Korea, Rep.",2019,3B1B,NA,,
kor_ets,"Korea, Rep.",2019,3B2,NA,,
kor_ets,"Korea, Rep.",2019,3B2A,NA,,
kor_ets,"Korea, Rep.",2019,3B2B,NA,,
kor_ets,"Korea, Rep.",2019,3B3,NA,,
kor_ets,"Korea, Rep.",2019,3B3A,NA,,
kor_ets,"Korea, Rep.",2019,3B3B,NA,,
kor_ets,"Korea, Rep.",2019,3B4,NA,,
kor_ets,"Korea, Rep.",2019,3B4A,NA,,
kor_ets,"Korea, Rep.",2019,3B4B,NA,,
kor_ets,"Korea, Rep.",2019,3B5,NA,,
kor_ets,"Korea, Rep.",2019,3B5A,NA,,
kor_ets,"Korea, Rep.",2019,3B5B,NA,,
kor_ets,"Korea, Rep.",2019,3B6,NA,,
kor_ets,"Korea, Rep.",2019,3B6A,NA,,
kor_ets,"Korea, Rep.",2019,3B6B,NA,,
kor_ets,"Korea, Rep.",2019,3B6B1,NA,,
kor_ets,"Korea, Rep.",2019,3B6B2,NA,,
kor_ets,"Korea, Rep.",2019,3B6B3,NA,,
kor_ets,"Korea, Rep.",2019,3B6B4,NA,,
kor_ets,"Korea, Rep.",2019,3B6B5,NA,,
kor_ets,"Korea, Rep.",2019,3C,NA,,
kor_ets,"Korea, Rep.",2019,3C1,NA,,
kor_ets,"Korea, Rep.",2019,3C2,NA,,
kor_ets,"Korea, Rep.",2019,3C3,NA,,
kor_ets,"Korea, Rep.",2019,3C4,NA,,
kor_ets,"Korea, Rep.",2019,3C5,NA,,
kor_ets,"Korea, Rep.",2019,3C6,NA,,
kor_ets,"Korea, Rep.",2019,3C7,NA,,
kor_ets,"Korea, Rep.",2019,3C8,NA,,
kor_ets,"Korea, Rep.",2019,3D,NA,,
kor_ets,"Korea, Rep.",2019,3D1,NA,,
kor_ets,"Korea, Rep.",2019,3D2,NA,,
kor_ets,"Korea, Rep.",2019,4,NA,,
kor_ets,"Korea, Rep.",2019,4A,NA,,
kor_ets,"Korea, Rep.",2019,4A1,1,,
kor_ets,"Korea, Rep.",2019,4A2,NA,,
kor_ets,"Korea, Rep.",2019,4A3,NA,,
kor_ets,"Korea, Rep.",2019,4B,NA,,
kor_ets,"Korea, Rep.",2019,4C,NA,,
kor_ets,"Korea, Rep.",2019,4C1,NA,,
kor_ets,"Korea, Rep.",2019,4C2,NA,,
kor_ets,"Korea, Rep.",2019,4D,NA,,
kor_ets,"Korea, Rep.",2019,4D1,1,,
kor_ets,"Korea, Rep.",2019,4D2,1,,
kor_ets,"Korea, Rep.",2019,4E,NA,,
kor_ets,"Korea, Rep.",2019,5,NA,,
kor_ets,"Korea, Rep.",2019,5A,NA,,
kor_ets,"Korea, Rep.",2019,5A1,NA,,
kor_ets,"Korea, Rep.",2019,5A2,NA,,
kor_ets,"Korea, Rep.",2020,0,NA,,
kor_ets,"Korea, Rep.",2020,1,NA,,
kor_ets,"Korea, Rep.",2020,1A,NA,,
kor_ets,"Korea, Rep.",2020,1A1,NA,,
kor_ets,"Korea, Rep.",2020,1A1A,NA,,
kor_ets,"Korea, Rep.",2020,1A1A1,1,,
kor_ets,"Korea, Rep.",2020,1A1A2,1,,
kor_ets,"Korea, Rep.",2020,1A1A3,1,,
kor_ets,"Korea, Rep.",2020,1A1B,1,,
kor_ets,"Korea, Rep.",2020,1A1C,NA,,
kor_ets,"Korea, Rep.",2020,1A2,NA,,
kor_ets,"Korea, Rep.",2020,1A2A,1,,
kor_ets,"Korea, Rep.",2020,1A2B,1,,
kor_ets,"Korea, Rep.",2020,1A2C,1,,
kor_ets,"Korea, Rep.",2020,1A2D,1,,
kor_ets,"Korea, Rep.",2020,1A2E,1,,
kor_ets,"Korea, Rep.",2020,1A2F,1,,
kor_ets,"Korea, Rep.",2020,1A2G,1,,
kor_ets,"Korea, Rep.",2020,1A2H,1,,
kor_ets,"Korea, Rep.",2020,1A2I,1,,
kor_ets,"Korea, Rep.",2020,1A2J,1,,
kor_ets,"Korea, Rep.",2020,1A2K,NA,,
kor_ets,"Korea, Rep.",2020,1A2L,1,,
kor_ets,"Korea, Rep.",2020,1A2M,1,,
kor_ets,"Korea, Rep.",2020,1A3,NA,,
kor_ets,"Korea, Rep.",2020,1A3A,NA,,
kor_ets,"Korea, Rep.",2020,1A3A1,NA,,
kor_ets,"Korea, Rep.",2020,1A3A2,1,,
kor_ets,"Korea, Rep.",2020,1A3B,NA,,
kor_ets,"Korea, Rep.",2020,1A3C,NA,,
kor_ets,"Korea, Rep.",2020,1A3D,NA,,
kor_ets,"Korea, Rep.",2020,1A3D1,NA,,
kor_ets,"Korea, Rep.",2020,1A3D2,NA,,
kor_ets,"Korea, Rep.",2020,1A3E,NA,,
kor_ets,"Korea, Rep.",2020,1A3E1,NA,,
kor_ets,"Korea, Rep.",2020,1A4,NA,,
kor_ets,"Korea, Rep.",2020,1A4A,1,,
kor_ets,"Korea, Rep.",2020,1A4B,1,,
kor_ets,"Korea, Rep.",2020,1A4C,NA,,
kor_ets,"Korea, Rep.",2020,1A4C1,NA,,
kor_ets,"Korea, Rep.",2020,1A4C2,NA,,
kor_ets,"Korea, Rep.",2020,1A4C3,NA,,
kor_ets,"Korea, Rep.",2020,1A5,NA,,
kor_ets,"Korea, Rep.",2020,1A5A,NA,,
kor_ets,"Korea, Rep.",2020,1A5B,NA,,
kor_ets,"Korea, Rep.",2020,1A5C,NA,,
kor_ets,"Korea, Rep.",2020,1B,NA,,
kor_ets,"Korea, Rep.",2020,1B1,NA,,
kor_ets,"Korea, Rep.",2020,1B1A,NA,,
kor_ets,"Korea, Rep.",2020,1B1A1,NA,,
kor_ets,"Korea, Rep.",2020,1B1A11,NA,,
kor_ets,"Korea, Rep.",2020,1B1A12,NA,,
kor_ets,"Korea, Rep.",2020,1B1A13,NA,,
kor_ets,"Korea, Rep.",2020,1B1A14,NA,,
kor_ets,"Korea, Rep.",2020,1B1A2,NA,,
kor_ets,"Korea, Rep.",2020,1B1A21,NA,,
kor_ets,"Korea, Rep.",2020,1B1A22,NA,,
kor_ets,"Korea, Rep.",2020,1B1B,NA,,
kor_ets,"Korea, Rep.",2020,1B2,NA,,
kor_ets,"Korea, Rep.",2020,1B2A,NA,,
kor_ets,"Korea, Rep.",2020,1B2A1,NA,,
kor_ets,"Korea, Rep.",2020,1B2A2,NA,,
kor_ets,"Korea, Rep.",2020,1B2A3,NA,,
kor_ets,"Korea, Rep.",2020,1B2A31,NA,,
kor_ets,"Korea, Rep.",2020,1B2A32,NA,,
kor_ets,"Korea, Rep.",2020,1B2A33,NA,,
kor_ets,"Korea, Rep.",2020,1B2A34,NA,,
kor_ets,"Korea, Rep.",2020,1B2A35,NA,,
kor_ets,"Korea, Rep.",2020,1B2A36,NA,,
kor_ets,"Korea, Rep.",2020,1B2B,NA,,
kor_ets,"Korea, Rep.",2020,1B2B1,NA,,
kor_ets,"Korea, Rep.",2020,1B2B2,NA,,
kor_ets,"Korea, Rep.",2020,1B2B3,NA,,
kor_ets,"Korea, Rep.",2020,1B2B31,NA,,
kor_ets,"Korea, Rep.",2020,1B2B32,NA,,
kor_ets,"Korea, Rep.",2020,1B2B33,NA,,
kor_ets,"Korea, Rep.",2020,1B2B34,NA,,
kor_ets,"Korea, Rep.",2020,1B2B35,NA,,
kor_ets,"Korea, Rep.",2020,1B2B36,NA,,
kor_ets,"Korea, Rep.",2020,1B3,NA,,
kor_ets,"Korea, Rep.",2020,1C,NA,,
kor_ets,"Korea, Rep.",2020,1C1,NA,,
kor_ets,"Korea, Rep.",2020,1C1A,NA,,
kor_ets,"Korea, Rep.",2020,1C1B,NA,,
kor_ets,"Korea, Rep.",2020,1C1C,NA,,
kor_ets,"Korea, Rep.",2020,1C2,NA,,
kor_ets,"Korea, Rep.",2020,1C2A,NA,,
kor_ets,"Korea, Rep.",2020,1C2B,NA,,
kor_ets,"Korea, Rep.",2020,1C3,NA,,
kor_ets,"Korea, Rep.",2020,2,NA,,
kor_ets,"Korea, Rep.",2020,20,NA,,
kor_ets,"Korea, Rep.",2020,200,NA,,
kor_ets,"Korea, Rep.",2020,2000,NA,,
kor_ets,"Korea, Rep.",2020,20000,NA,,
kor_ets,"Korea, Rep.",2020,200000,NA,,
kor_ets,"Korea, Rep.",2020,2A,NA,,
kor_ets,"Korea, Rep.",2020,2A1,1,,
kor_ets,"Korea, Rep.",2020,2A2,1,,
kor_ets,"Korea, Rep.",2020,2A3,1,,
kor_ets,"Korea, Rep.",2020,2A4,NA,,
kor_ets,"Korea, Rep.",2020,2A4A,1,,
kor_ets,"Korea, Rep.",2020,2A4B,NA,,
kor_ets,"Korea, Rep.",2020,2A4C,NA,,
kor_ets,"Korea, Rep.",2020,2A4D,NA,,
kor_ets,"Korea, Rep.",2020,2B,NA,,
kor_ets,"Korea, Rep.",2020,2B1,1,,
kor_ets,"Korea, Rep.",2020,2B10,1,,
kor_ets,"Korea, Rep.",2020,2B2,1,,
kor_ets,"Korea, Rep.",2020,2B3,1,,
kor_ets,"Korea, Rep.",2020,2B4,1,,
kor_ets,"Korea, Rep.",2020,2B5,1,,
kor_ets,"Korea, Rep.",2020,2B6,1,,
kor_ets,"Korea, Rep.",2020,2B7,1,,
kor_ets,"Korea, Rep.",2020,2B8,NA,,
kor_ets,"Korea, Rep.",2020,2B8A,1,,
kor_ets,"Korea, Rep.",2020,2B8B,1,,
kor_ets,"Korea, Rep.",2020,2B8C,1,,
kor_ets,"Korea, Rep.",2020,2B8D,1,,
kor_ets,"Korea, Rep.",2020,2B8E,1,,
kor_ets,"Korea, Rep.",2020,2B8F,1,,
kor_ets,"Korea, Rep.",2020,2B9,NA,,
kor_ets,"Korea, Rep.",2020,2B9A,1,,
kor_ets,"Korea, Rep.",2020,2B9B,1,,
kor_ets,"Korea, Rep.",2020,2C,NA,,
kor_ets,"Korea, Rep.",2020,2C1,1,,
kor_ets,"Korea, Rep.",2020,2C2,1,,
kor_ets,"Korea, Rep.",2020,2C3,1,,
kor_ets,"Korea, Rep.",2020,2C4,1,,
kor_ets,"Korea, Rep.",2020,2C5,1,,
kor_ets,"Korea, Rep.",2020,2C6,1,,
kor_ets,"Korea, Rep.",2020,2C7,1,,
kor_ets,"Korea, Rep.",2020,2D,NA,,
kor_ets,"Korea, Rep.",2020,2D1,1,,
kor_ets,"Korea, Rep.",2020,2D2,1,,
kor_ets,"Korea, Rep.",2020,2D3,1,,
kor_ets,"Korea, Rep.",2020,2D4,1,,
kor_ets,"Korea, Rep.",2020,2E,NA,,
kor_ets,"Korea, Rep.",2020,2F,NA,,
kor_ets,"Korea, Rep.",2020,2F1,NA,,
kor_ets,"Korea, Rep.",2020,2F2,NA,,
kor_ets,"Korea, Rep.",2020,2F3,NA,,
kor_ets,"Korea, Rep.",2020,2F4,NA,,
kor_ets,"Korea, Rep.",2020,2F5,NA,,
kor_ets,"Korea, Rep.",2020,2F6,NA,,
kor_ets,"Korea, Rep.",2020,2G,NA,,
kor_ets,"Korea, Rep.",2020,2G1,NA,,
kor_ets,"Korea, Rep.",2020,2G2,NA,,
kor_ets,"Korea, Rep.",2020,2G3,NA,,
kor_ets,"Korea, Rep.",2020,2G4,NA,,
kor_ets,"Korea, Rep.",2020,2H,NA,,
kor_ets,"Korea, Rep.",2020,2H1,1,,
kor_ets,"Korea, Rep.",2020,2H2,1,,
kor_ets,"Korea, Rep.",2020,2H3,NA,,
kor_ets,"Korea, Rep.",2020,3,NA,,
kor_ets,"Korea, Rep.",2020,3A,NA,,
kor_ets,"Korea, Rep.",2020,3A1,NA,,
kor_ets,"Korea, Rep.",2020,3A2,NA,,
kor_ets,"Korea, Rep.",2020,3B,NA,,
kor_ets,"Korea, Rep.",2020,3B1,NA,,
kor_ets,"Korea, Rep.",2020,3B1A,NA,,
kor_ets,"Korea, Rep.",2020,3B1B,NA,,
kor_ets,"Korea, Rep.",2020,3B2,NA,,
kor_ets,"Korea, Rep.",2020,3B2A,NA,,
kor_ets,"Korea, Rep.",2020,3B2B,NA,,
kor_ets,"Korea, Rep.",2020,3B3,NA,,
kor_ets,"Korea, Rep.",2020,3B3A,NA,,
kor_ets,"Korea, Rep.",2020,3B3B,NA,,
kor_ets,"Korea, Rep.",2020,3B4,NA,,
kor_ets,"Korea, Rep.",2020,3B4A,NA,,
kor_ets,"Korea, Rep.",2020,3B4B,NA,,
kor_ets,"Korea, Rep.",2020,3B5,NA,,
kor_ets,"Korea, Rep.",2020,3B5A,NA,,
kor_ets,"Korea, Rep.",2020,3B5B,NA,,
kor_ets,"Korea, Rep.",2020,3B6,NA,,
kor_ets,"Korea, Rep.",2020,3B6A,NA,,
kor_ets,"Korea, Rep.",2020,3B6B,NA,,
kor_ets,"Korea, Rep.",2020,3B6B1,NA,,
kor_ets,"Korea, Rep.",2020,3B6B2,NA,,
kor_ets,"Korea, Rep.",2020,3B6B3,NA,,
kor_ets,"Korea, Rep.",2020,3B6B4,NA,,
kor_ets,"Korea, Rep.",2020,3B6B5,NA,,
kor_ets,"Korea, Rep.",2020,3C,NA,,
kor_ets,"Korea, Rep.",2020,3C1,NA,,
kor_ets,"Korea, Rep.",2020,3C2,NA,,
kor_ets,"Korea, Rep.",2020,3C3,NA,,
kor_ets,"Korea, Rep.",2020,3C4,NA,,
kor_ets,"Korea, Rep.",2020,3C5,NA,,
kor_ets,"Korea, Rep.",2020,3C6,NA,,
kor_ets,"Korea, Rep.",2020,3C7,NA,,
kor_ets,"Korea, Rep.",2020,3C8,NA,,
kor_ets,"Korea, Rep.",2020,3D,NA,,
kor_ets,"Korea, Rep.",2020,3D1,NA,,
kor_ets,"Korea, Rep.",2020,3D2,NA,,
kor_ets,"Korea, Rep.",2020,4,NA,,
kor_ets,"Korea, Rep.",2020,4A,NA,,
kor_ets,"Korea, Rep.",2020,4A1,1,,
kor_ets,"Korea, Rep.",2020,4A2,NA,,
kor_ets,"Korea, Rep.",2020,4A3,NA,,
kor_ets,"Korea, Rep.",2020,4B,NA,,
kor_ets,"Korea, Rep.",2020,4C,NA,,
kor_ets,"Korea, Rep.",2020,4C1,NA,,
kor_ets,"Korea, Rep.",2020,4C2,NA,,
kor_ets,"Korea, Rep.",2020,4D,NA,,
kor_ets,"Korea, Rep.",2020,4D1,1,,
kor_ets,"Korea, Rep.",2020,4D2,1,,
kor_ets,"Korea, Rep.",2020,4E,NA,,
kor_ets,"Korea, Rep.",2020,5,NA,,
kor_ets,"Korea, Rep.",2020,5A,NA,,
kor_ets,"Korea, Rep.",2020,5A1,NA,,
kor_ets,"Korea, Rep.",2020,5A2,NA,,
kor_ets,"Korea, Rep.",2021,0,NA,,
kor_ets,"Korea, Rep.",2021,1,NA,,
kor_ets,"Korea, Rep.",2021,1A,NA,,
kor_ets,"Korea, Rep.",2021,1A1,NA,,
kor_ets,"Korea, Rep.",2021,1A1A,NA,,
kor_ets,"Korea, Rep.",2021,1A1A1,1,,
kor_ets,"Korea, Rep.",2021,1A1A2,1,,
kor_ets,"Korea, Rep.",2021,1A1A3,1,,
kor_ets,"Korea, Rep.",2021,1A1B,1,,
kor_ets,"Korea, Rep.",2021,1A1C,NA,,
kor_ets,"Korea, Rep.",2021,1A2,NA,,
kor_ets,"Korea, Rep.",2021,1A2A,1,,
kor_ets,"Korea, Rep.",2021,1A2B,1,,
kor_ets,"Korea, Rep.",2021,1A2C,1,,
kor_ets,"Korea, Rep.",2021,1A2D,1,,
kor_ets,"Korea, Rep.",2021,1A2E,1,,
kor_ets,"Korea, Rep.",2021,1A2F,1,,
kor_ets,"Korea, Rep.",2021,1A2G,1,,
kor_ets,"Korea, Rep.",2021,1A2H,1,,
kor_ets,"Korea, Rep.",2021,1A2I,1,,
kor_ets,"Korea, Rep.",2021,1A2J,1,,
kor_ets,"Korea, Rep.",2021,1A2K,1,,
kor_ets,"Korea, Rep.",2021,1A2L,1,,
kor_ets,"Korea, Rep.",2021,1A2M,1,,
kor_ets,"Korea, Rep.",2021,1A3,NA,,
kor_ets,"Korea, Rep.",2021,1A3A,NA,,
kor_ets,"Korea, Rep.",2021,1A3A1,NA,,
kor_ets,"Korea, Rep.",2021,1A3A2,1,,
kor_ets,"Korea, Rep.",2021,1A3B,1,,
kor_ets,"Korea, Rep.",2021,1A3C,1,,
kor_ets,"Korea, Rep.",2021,1A3D,NA,,
kor_ets,"Korea, Rep.",2021,1A3D1,NA,,
kor_ets,"Korea, Rep.",2021,1A3D2,1,,
kor_ets,"Korea, Rep.",2021,1A3E,NA,,
kor_ets,"Korea, Rep.",2021,1A3E1,NA,,
kor_ets,"Korea, Rep.",2021,1A4,NA,,
kor_ets,"Korea, Rep.",2021,1A4A,1,,
kor_ets,"Korea, Rep.",2021,1A4B,1,,
kor_ets,"Korea, Rep.",2021,1A4C,NA,,
kor_ets,"Korea, Rep.",2021,1A4C1,NA,,
kor_ets,"Korea, Rep.",2021,1A4C2,NA,,
kor_ets,"Korea, Rep.",2021,1A4C3,NA,,
kor_ets,"Korea, Rep.",2021,1A5,NA,,
kor_ets,"Korea, Rep.",2021,1A5A,NA,,
kor_ets,"Korea, Rep.",2021,1A5B,NA,,
kor_ets,"Korea, Rep.",2021,1A5C,NA,,
kor_ets,"Korea, Rep.",2021,1B,NA,,
kor_ets,"Korea, Rep.",2021,1B1,NA,,
kor_ets,"Korea, Rep.",2021,1B1A,NA,,
kor_ets,"Korea, Rep.",2021,1B1A1,NA,,
kor_ets,"Korea, Rep.",2021,1B1A11,NA,,
kor_ets,"Korea, Rep.",2021,1B1A12,NA,,
kor_ets,"Korea, Rep.",2021,1B1A13,NA,,
kor_ets,"Korea, Rep.",2021,1B1A14,NA,,
kor_ets,"Korea, Rep.",2021,1B1A2,NA,,
kor_ets,"Korea, Rep.",2021,1B1A21,NA,,
kor_ets,"Korea, Rep.",2021,1B1A22,NA,,
kor_ets,"Korea, Rep.",2021,1B1B,NA,,
kor_ets,"Korea, Rep.",2021,1B2,NA,,
kor_ets,"Korea, Rep.",2021,1B2A,NA,,
kor_ets,"Korea, Rep.",2021,1B2A1,NA,,
kor_ets,"Korea, Rep.",2021,1B2A2,NA,,
kor_ets,"Korea, Rep.",2021,1B2A3,NA,,
kor_ets,"Korea, Rep.",2021,1B2A31,NA,,
kor_ets,"Korea, Rep.",2021,1B2A32,NA,,
kor_ets,"Korea, Rep.",2021,1B2A33,NA,,
kor_ets,"Korea, Rep.",2021,1B2A34,NA,,
kor_ets,"Korea, Rep.",2021,1B2A35,NA,,
kor_ets,"Korea, Rep.",2021,1B2A36,NA,,
kor_ets,"Korea, Rep.",2021,1B2B,NA,,
kor_ets,"Korea, Rep.",2021,1B2B1,NA,,
kor_ets,"Korea, Rep.",2021,1B2B2,NA,,
kor_ets,"Korea, Rep.",2021,1B2B3,NA,,
kor_ets,"Korea, Rep.",2021,1B2B31,NA,,
kor_ets,"Korea, Rep.",2021,1B2B32,NA,,
kor_ets,"Korea, Rep.",2021,1B2B33,NA,,
kor_ets,"Korea, Rep.",2021,1B2B34,NA,,
kor_ets,"Korea, Rep.",2021,1B2B35,NA,,
kor_ets,"Korea, Rep.",2021,1B2B36,NA,,
kor_ets,"Korea, Rep.",2021,1B3,NA,,
kor_ets,"Korea, Rep.",2021,1C,NA,,
kor_ets,"Korea, Rep.",2021,1C1,NA,,
kor_ets,"Korea, Rep.",2021,1C1A,NA,,
kor_ets,"Korea, Rep.",2021,1C1B,NA,,
kor_ets,"Korea, Rep.",2021,1C1C,NA,,
kor_ets,"Korea, Rep.",2021,1C2,NA,,
kor_ets,"Korea, Rep.",2021,1C2A,NA,,
kor_ets,"Korea, Rep.",2021,1C2B,NA,,
kor_ets,"Korea, Rep.",2021,1C3,NA,,
kor_ets,"Korea, Rep.",2021,2,NA,,
kor_ets,"Korea, Rep.",2021,20,NA,,
kor_ets,"Korea, Rep.",2021,200,NA,,
kor_ets,"Korea, Rep.",2021,2000,NA,,
kor_ets,"Korea, Rep.",2021,20000,NA,,
kor_ets,"Korea, Rep.",2021,200000,NA,,
kor_ets,"Korea, Rep.",2021,2A,NA,,
kor_ets,"Korea, Rep.",2021,2A1,1,,
kor_ets,"Korea, Rep.",2021,2A2,1,,
kor_ets,"Korea, Rep.",2021,2A3,1,,
kor_ets,"Korea, Rep.",2021,2A4,NA,,
kor_ets,"Korea, Rep.",2021,2A4A,1,,
kor_ets,"Korea, Rep.",2021,2A4B,NA,,
kor_ets,"Korea, Rep.",2021,2A4C,NA,,
kor_ets,"Korea, Rep.",2021,2A4D,NA,,
kor_ets,"Korea, Rep.",2021,2B,NA,,
kor_ets,"Korea, Rep.",2021,2B1,1,,
kor_ets,"Korea, Rep.",2021,2B10,1,,
kor_ets,"Korea, Rep.",2021,2B2,1,,
kor_ets,"Korea, Rep.",2021,2B3,1,,
kor_ets,"Korea, Rep.",2021,2B4,1,,
kor_ets,"Korea, Rep.",2021,2B5,1,,
kor_ets,"Korea, Rep.",2021,2B6,1,,
kor_ets,"Korea, Rep.",2021,2B7,1,,
kor_ets,"Korea, Rep.",2021,2B8,NA,,
kor_ets,"Korea, Rep.",2021,2B8A,1,,
kor_ets,"Korea, Rep.",2021,2B8B,1,,
kor_ets,"Korea, Rep.",2021,2B8C,1,,
kor_ets,"Korea, Rep.",2021,2B8D,1,,
kor_ets,"Korea, Rep.",2021,2B8E,1,,
kor_ets,"Korea, Rep.",2021,2B8F,1,,
kor_ets,"Korea, Rep.",2021,2B9,NA,,
kor_ets,"Korea, Rep.",2021,2B9A,1,,
kor_ets,"Korea, Rep.",2021,2B9B,1,,
kor_ets,"Korea, Rep.",2021,2C,NA,,
kor_ets,"Korea, Rep.",2021,2C1,1,,
kor_ets,"Korea, Rep.",2021,2C2,1,,
kor_ets,"Korea, Rep.",2021,2C3,1,,
kor_ets,"Korea, Rep.",2021,2C4,1,,
kor_ets,"Korea, Rep.",2021,2C5,1,,
kor_ets,"Korea, Rep.",2021,2C6,1,,
kor_ets,"Korea, Rep.",2021,2C7,1,,
kor_ets,"Korea, Rep.",2021,2D,NA,,
kor_ets,"Korea, Rep.",2021,2D1,1,,
kor_ets,"Korea, Rep.",2021,2D2,1,,
kor_ets,"Korea, Rep.",2021,2D3,1,,
kor_ets,"Korea, Rep.",2021,2D4,1,,
kor_ets,"Korea, Rep.",2021,2E,NA,,
kor_ets,"Korea, Rep.",2021,2F,NA,,
kor_ets,"Korea, Rep.",2021,2F1,NA,,
kor_ets,"Korea, Rep.",2021,2F2,NA,,
kor_ets,"Korea, Rep.",2021,2F3,NA,,
kor_ets,"Korea, Rep.",2021,2F4,NA,,
kor_ets,"Korea, Rep.",2021,2F5,NA,,
kor_ets,"Korea, Rep.",2021,2F6,NA,,
kor_ets,"Korea, Rep.",2021,2G,NA,,
kor_ets,"Korea, Rep.",2021,2G1,NA,,
kor_ets,"Korea, Rep.",2021,2G2,NA,,
kor_ets,"Korea, Rep.",2021,2G3,NA,,
kor_ets,"Korea, Rep.",2021,2G4,NA,,
kor_ets,"Korea, Rep.",2021,2H,NA,,
kor_ets,"Korea, Rep.",2021,2H1,1,,
kor_ets,"Korea, Rep.",2021,2H2,1,,
kor_ets,"Korea, Rep.",2021,2H3,NA,,
kor_ets,"Korea, Rep.",2021,3,NA,,
kor_ets,"Korea, Rep.",2021,3A,NA,,
kor_ets,"Korea, Rep.",2021,3A1,NA,,
kor_ets,"Korea, Rep.",2021,3A2,NA,,
kor_ets,"Korea, Rep.",2021,3B,NA,,
kor_ets,"Korea, Rep.",2021,3B1,NA,,
kor_ets,"Korea, Rep.",2021,3B1A,NA,,
kor_ets,"Korea, Rep.",2021,3B1B,NA,,
kor_ets,"Korea, Rep.",2021,3B2,NA,,
kor_ets,"Korea, Rep.",2021,3B2A,NA,,
kor_ets,"Korea, Rep.",2021,3B2B,NA,,
kor_ets,"Korea, Rep.",2021,3B3,NA,,
kor_ets,"Korea, Rep.",2021,3B3A,NA,,
kor_ets,"Korea, Rep.",2021,3B3B,NA,,
kor_ets,"Korea, Rep.",2021,3B4,NA,,
kor_ets,"Korea, Rep.",2021,3B4A,NA,,
kor_ets,"Korea, Rep.",2021,3B4B,NA,,
kor_ets,"Korea, Rep.",2021,3B5,NA,,
kor_ets,"Korea, Rep.",2021,3B5A,NA,,
kor_ets,"Korea, Rep.",2021,3B5B,NA,,
kor_ets,"Korea, Rep.",2021,3B6,NA,,
kor_ets,"Korea, Rep.",2021,3B6A,NA,,
kor_ets,"Korea, Rep.",2021,3B6B,NA,,
kor_ets,"Korea, Rep.",2021,3B6B1,NA,,
kor_ets,"Korea, Rep.",2021,3B6B2,NA,,
kor_ets,"Korea, Rep.",2021,3B6B3,NA,,
kor_ets,"Korea, Rep.",2021,3B6B4,NA,,
kor_ets,"Korea, Rep.",2021,3B6B5,NA,,
kor_ets,"Korea, Rep.",2021,3C,NA,,
kor_ets,"Korea, Rep.",2021,3C1,NA,,
kor_ets,"Korea, Rep.",2021,3C2,NA,,
kor_ets,"Korea, Rep.",2021,3C3,NA,,
kor_ets,"Korea, Rep.",2021,3C4,NA,,
kor_ets,"Korea, Rep.",2021,3C5,NA,,
kor_ets,"Korea, Rep.",2021,3C6,NA,,
kor_ets,"Korea, Rep.",2021,3C7,NA,,
kor_ets,"Korea, Rep.",2021,3C8,NA,,
kor_ets,"Korea, Rep.",2021,3D,NA,,
kor_ets,"Korea, Rep.",2021,3D1,NA,,
kor_ets,"Korea, Rep.",2021,3D2,NA,,
kor_ets,"Korea, Rep.",2021,4,NA,,
kor_ets,"Korea, Rep.",2021,4A,NA,,
kor_ets,"Korea, Rep.",2021,4A1,1,,
kor_ets,"Korea, Rep.",2021,4A2,NA,,
kor_ets,"Korea, Rep.",2021,4A3,NA,,
kor_ets,"Korea, Rep.",2021,4B,NA,,
kor_ets,"Korea, Rep.",2021,4C,NA,,
kor_ets,"Korea, Rep.",2021,4C1,NA,,
kor_ets,"Korea, Rep.",2021,4C2,NA,,
kor_ets,"Korea, Rep.",2021,4D,NA,,
kor_ets,"Korea, Rep.",2021,4D1,1,,
kor_ets,"Korea, Rep.",2021,4D2,1,,
kor_ets,"Korea, Rep.",2021,4E,NA,,
kor_ets,"Korea, Rep.",2021,5,NA,,
kor_ets,"Korea, Rep.",2021,5A,NA,,
kor_ets,"Korea, Rep.",2021,5A1,NA,,
kor_ets,"Korea, Rep.",2021,5A2,NA,,